{
    "10": {
        "A": {
            "left": 122.15,
            "right": 153.56,
            "top": 520.01,
            "bottom": 551.42
        },
        "B": {
            "left": 237.32,
            "right": 268.73,
            "top": 464.17,
            "bottom": 495.58
        },
        "C": {
            "left": 443.2300000000001,
            "right": 474.6400000000001,
            "top": 523.5,
            "bottom": 554.91
        },
        "D": {
            "left": 582.83,
            "right": 614.24,
            "top": 684.0400000000001,
            "bottom": 715.45
        }
    },
    "5": {
        "A": {
            "left": 136.11,
            "right": 167.52,
            "top": 460.68,
            "bottom": 492.09
        },
        "B": {
            "left": 237.32,
            "right": 268.73,
            "top": 425.78,
            "bottom": 457.19
        },
        "C": {
            "left": 418.8,
            "right": 450.21,
            "top": 439.74,
            "bottom": 471.15
        },
        "D": {
            "left": 596.7900000000001,
            "right": 628.2,
            "top": 638.6700000000001,
            "bottom": 670.08
        }
    },
    "0": {
        "A": {
            "left": 150.07000000000002,
            "right": 181.48000000000002,
            "top": 614.24,
            "bottom": 645.65
        },
        "B": {
            "left": 254.77,
            "right": 286.18,
            "top": 575.85,
            "bottom": 607.26
        },
        "C": {
            "left": 488.6,
            "right": 520.01,
            "top": 621.22,
            "bottom": 652.63
        },
        "D": {
            "left": 624.71,
            "right": 656.12,
            "top": 767.8,
            "bottom": 799.2099999999999
        }
    },
    "-5": {
        "A": {
            "left": 167.52,
            "right": 198.93,
            "top": 495.58,
            "bottom": 526.99
        },
        "B": {
            "left": 265.24,
            "right": 296.65000000000003,
            "top": 460.68000000000006,
            "bottom": 492.0900000000001
        },
        "C": {
            "left": 488.6,
            "right": 520.01,
            "top": 471.15,
            "bottom": 502.56
        },
        "D": {
            "left": 642.1600000000001,
            "right": 673.57,
            "top": 642.1600000000001,
            "bottom": 673.57
        }
    },
    "-10": {
        "A": {
            "left": 202.42000000000002,
            "right": 233.83,
            "top": 499.07000000000005,
            "bottom": 530.48
        },
        "B": {
            "left": 362.96,
            "right": 394.37,
            "top": 439.74,
            "bottom": 467.66
        },
        "C": {
            "left": 533.97,
            "right": 565.38,
            "top": 478.13,
            "bottom": 509.54
        },
        "D": {
            "left": 687.5300000000001,
            "right": 718.94,
            "top": 638.67,
            "bottom": 670.0799999999999
        }
    },
    "-15": {
        "A": {
            "left": 184.97000000000003,
            "right": 216.38000000000002,
            "top": 432.76,
            "bottom": 464.17
        },
        "B": {
            "left": 275.71000000000004,
            "right": 307.12000000000006,
            "top": 411.82000000000005,
            "bottom": 443.2300000000001
        },
        "C": {
            "left": 513.03,
            "right": 544.4399999999,
            "top": 415.31000000000,
            "bottom": 446.72000000
        },
        "D": {
            "left": 673.57,
            "right": 704.98,
            "top": 568.87,
            "bottom": 600.28
        }
    },
    "-20": {
        "A": {
            "left": 202.42000000000002,
            "right": 233.83,
            "top": 446.72,
            "bottom": 478.13000000000005
        },
        "B": {
            "left": 328.06,
            "right": 359.47,
            "top": 404.84000000000003,
            "bottom": 436.25000000000006
        },
        "C": {
            "left": 642.16,
            "right": 673.57,
            "top": 540.95,
            "bottom": 568.87
        },
        "D": {
            "left": 687.53,
            "right": 708.47,
            "top": 586.32,
            "bottom": 603.77
        }
    }
}